Track name, Artist name, Album, Playlist name, Type
Emilia · Tiago PZK - rápido lento,,,Your Likes,Playlist track
Of Monsters and Men - Little Talks,,,Your Likes,Playlist track
Feid · Manuel Turizo - BORRAXXA,,,Your Likes,Playlist track
J Balvin · Zion & Lennox - No Es Justo,,,Your Likes,Playlist track
Delaossa · Easy-S · Daniel Martínez de la Ossa Romero · Isidro Ramos Cabello · Juan Pedro Moreno · Jesús Romero Reyes - Cómo Me Voy a Olvidar,,,Your Likes,Playlist track
AURORA - Runaway,,,Your Likes,Playlist track
Coldplay - Yellow,,,Your Likes,Playlist track
Tiago PZK · LIT killah - Entre Nosotros,,,Your Likes,Playlist track
Coldplay - Clocks,,,Your Likes,Playlist track
xryce - FUCK IT,,,Your Likes,Playlist track
INNDRIVE - No Time For Playing (Original Mix),,,Your Likes,Playlist track
Imagine Dragons - On Top Of The World,,,Your Likes,Playlist track
Vance Joy - Mess Is Mine,,,Your Likes,Playlist track
Passenger - Coins in a Fountain,,,Your Likes,Playlist track
Michael Jackson - Beat It,,,Your Likes,Playlist track
FERNANDOCOSTA - Shorty,,,Your Likes,Playlist track
e-dubble - Tired (Freestyle Friday #17),,,Your Likes,Playlist track
Coldplay - Fix You,,,Your Likes,Playlist track
DUKI · Daniel Ismael Real · Mauro Ezequiel Lombardo - Antes de Perderte,,,Your Likes,Playlist track
Manuel Turizo · Rauw Alejandro · Myke Towers - La Nota,,,Your Likes,Playlist track
Wu-Tang Clan · Method Man · Raekwon · Inspectah Deck · Buddha Monk - C.R.E.A.M. (Cash Rules Everything Around Me),,,Your Likes,Playlist track
2 Chainz · Wiz Khalifa - We Own It (Fast & Furious),,,Your Likes,Playlist track
FERNANDOCOSTA - Intro,,,Your Likes,Playlist track
Manuel Turizo · Ozuna - Esclavo De Tus Besos,,,Your Likes,Playlist track
Trueno · Mateo Palacios Corazzina · Brian Taylor · Santiago Ruiz - SOLO POR VOS,,,Your Likes,Playlist track
The Black Eyed Peas - I Gotta Feeling,,,Your Likes,Playlist track
Sidecars · M-Clan · Tarque · Ruipérez - Dinamita (feat. M-Clan) (Acústico),,,Your Likes,Playlist track
Ivan Ferreiro - Turnedo,,,Your Likes,Playlist track
Leiva - La Llamada,,,Your Likes,Playlist track
Pereza - Pienso en Aquella Tarde (Nueva Versión),,,Your Likes,Playlist track
FISHER - Losing It,,,Your Likes,Playlist track
El Canto del Loco - Volvera,,,Your Likes,Playlist track
Dom Dolla - Love Like This,,,Your Likes,Playlist track
Bakermat - Baianá,,,Your Likes,Playlist track
Leiva - Terriblemente Cruel,,,Your Likes,Playlist track
Melendi - Lágrimas desordenadas,,,Your Likes,Playlist track
Fugees · Ms. Lauryn Hill · Wyclef Jean · Pras - Ready or Not,,,Your Likes,Playlist track
Ice Cube - It Was A Good Day,,,Your Likes,Playlist track
"Mobb Deep - Shook Ones, Pt. II",,,Your Likes,Playlist track
Delinquent Habits · Sen Dog - California,,,Your Likes,Playlist track
